{
	"icons": [ "awesome-fonts" ],
	"defaults": {
		"separator-block-width": 0,
		"warning": {
			"fg": "#002b36",
			"bg": "#b58900"
		},
		"critical": {
			"fg": "#002b36",
			"bg": "#dc322f"
		}
	},
	"cycle": [
		{ "fg": "#EFEFEF", "bg": "#0D0D0D" },
		{ "fg": "#EFEFEF", "bg": "#4F4F4F" }
	],
	"dnf": {
		"good": {
			"fg": "#002b36",
			"bg": "#859900"
		}
	},
	"apt": {
		"good": {
			"fg": "#002b36",
			"bg": "#859900"
		}
	},
	"pacman": {
		"good": {
			"fg": "#002b36",
			"bg": "#859900"
		}
	},
	"battery": {
		"charged": {
			"fg": "#002b36",
			"bg": "#859900"
		},
		"AC": {
			"fg": "#002b36",
			"bg": "#859900"
		}
	},
    "pomodoro": {
        "paused": {
            "fg": "#002b36",
            "bg": "#b58900"
        },
        "work": {
            "fg": "#1d2021",
            "bg": "#b8bb26"
        },
        "break": {
            "fg": "#002b36",
            "bg": "#859900"
        }
    }

}
